ID,PageSectionID,Title,OrderNumber,AssignmentGroupID,CreatedAt,OpenedAt,DueAt,LateSubmissionAllowed,Body
5,2,Reactive radical policy,10,24,2024-01-25 01:18,2024-01-26 01:18,2024-02-24 01:18,False,
8,3,Switchable exuding database,1,54,2024-01-11 08:49,2024-01-15 08:49,2024-01-29 08:49,False,For everybody leader them skill performance mission. Both change note old who beyond. None big experience movie.
11,4,Implemented secondary application,3,69,2024-01-12 16:48,2024-01-17 16:48,2024-01-30 16:48,True,Wind kitchen stay especially indicate. Could deep station scientist. Start middle city find medical career. These ahead cover strategy student economic lead. Relate ever statement measure play buy.
13,6,Customizable disintermediate methodology,1,35,2024-02-03 23:02,2024-02-08 23:02,2024-02-21 23:02,True,
21,8,Cloned 24/7 firmware,7,80,2024-04-05 21:49,2024-04-09 21:49,2024-05-09 21:49,True,
22,9,Extended 6thgeneration approach,6,8,2024-03-25 21:48,2024-03-30 21:48,2024-04-28 21:48,False,
25,10,Visionary intangible interface,5,67,2024-03-01 22:28,2024-03-02 22:28,2024-03-17 22:28,False,
26,11,Total impactful artificial intelligence,3,41,2024-04-25 03:17,2024-04-29 03:17,2024-05-13 03:17,True,
30,12,Profound demand-driven workforce,4,54,2024-03-02 15:00,2024-03-06 15:00,2024-03-26 15:00,True,Identify floor cause agent market fast trade identify. On yes staff. Rather point little wait grow. Suddenly subject theory Congress best. Scientist rise next tree.
32,12,Object-based optimizing productivity,8,20,2024-04-11 18:22,2024-04-15 18:22,2024-05-03 18:22,True,
33,12,Virtual solution-oriented software,7,83,2024-04-28 05:14,2024-04-29 05:14,2024-05-19 05:14,True,
36,13,Front-line analyzing encryption,2,33,2024-04-02 19:04,2024-04-05 19:04,2024-04-30 19:04,False,Would finish around later decide similar office citizen. Can its investment investment. Himself also current health add focus street. Quality phone eat. Fine bill me fill assume animal.
38,13,Persevering reciprocal portal,7,57,2024-04-27 07:52,2024-04-29 07:52,2024-05-18 07:52,True,
40,14,User-centric stable support,4,66,2024-02-14 16:43,2024-02-17 16:43,2024-03-06 16:43,False,
46,16,Multi-layered clear-thinking synergy,9,43,2024-02-19 21:28,2024-02-20 21:28,2024-03-07 21:28,True,
51,17,Universal object-oriented product,7,71,2024-03-13 13:12,2024-03-17 13:12,2024-04-12 13:12,False,
54,17,Proactive non-volatile concept,1,31,2024-03-06 07:11,2024-03-11 07:11,2024-03-26 07:11,True,Doctor actually become book off management. Single avoid rich toward. Lead with enough anyone spend. Growth quality international break surface. System professional color.
56,18,Visionary bi-directional orchestration,4,60,2024-03-21 19:36,2024-03-24 19:36,2024-04-19 19:36,True,
59,19,Adaptive 6thgeneration access,8,66,2024-01-08 13:05,2024-01-10 13:05,2024-02-05 13:05,False,Relate question should. Rich difference what their mind read peace. Product eat generation put his stuff.
62,20,Enhanced 5thgeneration neural-net,4,51,2024-02-19 02:55,2024-02-21 02:55,2024-03-08 02:55,False,Stay social white. Three none pressure lay future. Staff such forward.
64,21,Operative directional Graphic Interface,4,39,2024-04-24 19:46,2024-04-26 19:46,2024-05-07 19:46,True,
71,24,Cloned maximized forecast,3,32,2024-04-15 03:43,2024-04-18 03:43,2024-05-09 03:43,False,
74,25,Advanced holistic customer loyalty,6,95,2024-04-25 14:44,2024-04-29 14:44,2024-05-29 14:44,False,Include record security federal. Team Republican very plan cut person fact. Wonder practice when mean. Report set no old wall report. Experience suggest space mission agent certainly prove.
79,26,Vision-oriented dedicated superstructure,3,90,2024-04-25 01:25,2024-04-27 01:25,2024-05-18 01:25,True,
80,26,Quality-focused well-modulated utilization,10,87,2024-01-02 13:04,2024-01-07 13:04,2024-01-31 13:04,True,Than team kitchen difficult plant remember happy open. Cultural right cover large work avoid while same.
84,27,Team-oriented 24/7 groupware,3,54,2024-03-19 20:25,2024-03-22 20:25,2024-04-12 20:25,False,Group six fish detail contain attention measure. Myself idea glass third professional former. Despite sell most you statement. Protect knowledge toward party.
96,30,Compatible optimizing open system,3,48,2024-03-16 01:51,2024-03-18 01:51,2024-04-15 01:51,False,Hope brother accept. As second animal summer group me face rate. Beat she join house produce listen mouth carry. Far plant fear thought whole term possible. Network never but. Of hour natural.
97,31,Centralized intermediate protocol,3,5,2024-01-07 11:30,2024-01-09 11:30,2024-02-08 11:30,False,Popular available public economy culture oil week. Campaign pretty beyond people too fish. Foreign process really charge note space when.
99,31,Fundamental foreground website,1,30,2024-04-02 07:08,2024-04-04 07:08,2024-04-22 07:08,False,
104,33,Visionary optimal benchmark,6,42,2024-04-11 05:03,2024-04-12 05:03,2024-05-07 05:03,False,Often shoulder defense already end thus music president. Hotel through operation tax card may. However maybe production summer.
107,34,Open-source bottom-line monitoring,10,72,2024-03-11 00:14,2024-03-13 00:14,2024-04-11 00:14,True,Heavy trade might good test. Society thought according think key discover method. Deep cost gun response brother. Specific result loss long decision claim. Against amount of claim picture always.
109,35,Organized fault-tolerant Local Area Network,5,34,2024-03-19 14:00,2024-03-22 14:00,2024-04-20 14:00,True,
112,36,Triple-buffered tangible portal,7,63,2024-03-22 12:41,2024-03-25 12:41,2024-04-17 12:41,True,
114,37,Digitized background structure,3,35,2024-02-29 23:04,2024-03-03 23:04,2024-03-27 23:04,True,
121,39,Customer-focused client-driven capability,5,44,2024-02-03 17:53,2024-02-06 17:53,2024-03-03 17:53,False,
125,41,Self-enabling secondary artificial intelligence,10,90,2024-02-18 16:56,2024-02-19 16:56,2024-02-29 16:56,True,
128,41,Exclusive secondary intranet,10,83,2024-02-13 13:25,2024-02-18 13:25,2024-03-18 13:25,True,
130,42,Managed bottom-line analyzer,4,89,2024-02-14 02:28,2024-02-17 02:28,2024-03-01 02:28,False,
133,44,Object-based modular algorithm,6,64,2024-02-27 15:07,2024-03-01 15:07,2024-03-31 15:07,True,
136,45,Enterprise-wide even-keeled focus group,6,26,2024-02-23 04:51,2024-02-26 04:51,2024-03-27 04:51,False,
137,46,Organized coherent alliance,2,72,2024-04-23 01:59,2024-04-25 01:59,2024-05-09 01:59,True,Hundred full nearly recent religious claim who. Source statement likely.
140,47,Proactive incremental neural-net,5,44,2024-03-02 16:17,2024-03-07 16:17,2024-03-29 16:17,False,
141,47,Polarized analyzing array,4,17,2024-03-24 19:44,2024-03-26 19:44,2024-04-05 19:44,True,
147,50,Quality-focused zero tolerance matrix,8,82,2024-04-24 17:29,2024-04-28 17:29,2024-05-09 17:29,False,Above company media next me future bring. What then spend offer reason whom none. Serious which learn leave only. Break attack plant yes quality discover firm.
151,51,Right-sized directional algorithm,7,67,2024-03-21 12:13,2024-03-23 12:13,2024-04-19 12:13,False,
155,52,Diverse bandwidth-monitored encryption,8,66,2024-02-28 16:35,2024-03-02 16:35,2024-03-17 16:35,True,Summer he firm. Than make worker trouble exactly develop office. Moment institution vote. Girl team simply lead build million firm. Purpose here beyond.
156,53,Switchable disintermediate flexibility,4,57,2024-04-05 07:23,2024-04-08 07:23,2024-04-21 07:23,False,
157,53,Public-key user-facing approach,3,2,2024-01-18 19:34,2024-01-20 19:34,2024-02-07 19:34,True,Matter yet support military result size. Economy teach answer between clear. Live picture last free guess. Newspaper special general in go quickly paper.
158,53,Virtual directional orchestration,8,50,2024-02-07 08:16,2024-02-10 08:16,2024-03-11 08:16,False,Painting house thought sit voice. Minute late cold take by doctor edge season. Cold billion as these nature. Side model you. Peace base use hope director. Kitchen call money color along.
161,54,Intuitive user-facing standardization,1,18,2024-04-07 03:15,2024-04-10 03:15,2024-04-27 03:15,True,
162,54,Multi-channeled optimizing algorithm,6,20,2024-02-10 23:12,2024-02-14 23:12,2024-03-05 23:12,False,
164,55,Re-contextualized non-volatile circuit,2,1,2024-03-12 02:54,2024-03-15 02:54,2024-04-12 02:54,True,
166,56,Proactive needs-based function,7,63,2024-01-20 10:48,2024-01-24 10:48,2024-02-06 10:48,False,
167,56,Enhanced mobile alliance,3,85,2024-03-17 22:57,2024-03-18 22:57,2024-04-17 22:57,True,Bad personal might son party. Expect sea speak include table. Face PM pay evening. Man fly charge wide against win example by.
170,59,Progressive mission-critical ability,10,63,2024-01-24 17:28,2024-01-28 17:28,2024-02-13 17:28,False,Program decade home which view city rock. Minute education police cup thought tell design. Plan foot cold everybody build. Across among situation little other.
177,60,Compatible holistic strategy,1,66,2024-03-08 12:15,2024-03-09 12:15,2024-03-23 12:15,False,Run every story trial never attention. Last standard must law. Here control affect task simply draw return.
179,60,Cross-platform global framework,6,75,2024-01-02 13:24,2024-01-04 13:24,2024-01-24 13:24,True,
180,61,Inverse client-driven complexity,4,83,2024-03-19 02:51,2024-03-24 02:51,2024-04-17 02:51,True,Guess sea three state. Statement entire American audience. Back democratic mind big discuss. Cover prevent now way next. Indeed black police group learn professor third. Society nearly measure price.
183,62,Intuitive context-sensitive strategy,5,89,2024-01-03 14:02,2024-01-05 14:02,2024-01-17 14:02,False,
188,64,Implemented clear-thinking conglomeration,10,19,2024-04-06 14:57,2024-04-08 14:57,2024-04-28 14:57,True,Notice design baby foot lot major. Standard believe politics also space high sister. Girl stage indicate test thank dinner.
191,64,Re-contextualized 5thgeneration contingency,3,16,2024-03-14 09:12,2024-03-15 09:12,2024-04-08 09:12,False,
196,68,Compatible disintermediate hardware,4,41,2024-03-11 17:57,2024-03-13 17:57,2024-04-10 17:57,True,Write pattern wrong kind. Key under do rate. Both approach we unit. Add really born late age. Deep national seek nature performance yeah reason. Heavy town money.
197,68,Intuitive composite productivity,2,24,2024-01-03 06:32,2024-01-07 06:32,2024-01-19 06:32,False,Woman meet report tough machine. Mother cost may leader unit again easy morning. Majority season adult range green few.
199,68,Sharable upward-trending groupware,4,90,2024-04-18 09:02,2024-04-23 09:02,2024-05-16 09:02,True,
204,70,Business-focused human-resource intranet,7,58,2024-02-21 05:36,2024-02-25 05:36,2024-03-18 05:36,False,True fish newspaper we brother fish they. She they increase. Kitchen value thus value event. Blood continue several partner environment. Partner others discuss ago bag sister care.
210,72,Synergized directional complexity,6,53,2024-03-26 19:08,2024-03-27 19:08,2024-04-16 19:08,False,Order modern then skin minute later still. There early Mrs. Newspaper might piece. Couple keep this. Coach family try ready tough less position. Reveal both single visit.
213,73,Intuitive empowering benchmark,8,50,2024-04-23 03:27,2024-04-24 03:27,2024-05-24 03:27,True,Analysis color friend the television class. Condition Republican information finally. Eye Congress together whether about she activity.
220,76,Robust intermediate complexity,3,4,2024-02-09 05:14,2024-02-12 05:14,2024-03-02 05:14,False,Receive partner body role pick. Low read value worry. Interview summer employee offer perhaps. None mind place manage conference participant remember without. Brother let someone.
223,78,Total neutral success,7,79,2024-04-09 02:54,2024-04-13 02:54,2024-05-09 02:54,True,
226,79,Front-line bandwidth-monitored application,1,27,2024-04-03 09:30,2024-04-05 09:30,2024-04-17 09:30,False,Federal right firm movie decade rate son. At chance subject fund heart move. Paper cost bring site final tax report. Including market down later week.
229,80,Multi-lateral 24hour interface,9,28,2024-03-26 00:29,2024-03-29 00:29,2024-04-22 00:29,False,
236,82,Object-based methodical matrix,9,29,2024-01-03 16:16,2024-01-07 16:16,2024-01-28 16:16,False,Fly court everybody five kid. Evening church boy when. Bill my near even wall sound off. Author party full kitchen. Ahead tough anyone himself.
238,83,Stand-alone needs-based info-mediaries,10,96,2024-01-12 14:05,2024-01-14 14:05,2024-02-05 14:05,True,Discuss difference technology pay tree hot record. Small think law air little goal. Suffer executive give offer meet if research.
242,84,Persistent empowering definition,3,96,2024-03-29 01:56,2024-03-31 01:56,2024-04-16 01:56,False,Boy other foot best knowledge final image. Board sport side her management produce bed stage. Tough player a chair chance most hope official.
243,84,Future-proofed non-volatile approach,3,94,2024-04-10 23:29,2024-04-15 23:29,2024-05-11 23:29,True,Too whose a nice without body. Tend dog reduce hour fish. High nation production little could his. Style child young prove care author. Century those price.
246,85,Synchronized grid-enabled workforce,1,46,2024-01-01 21:14,2024-01-02 21:14,2024-01-24 21:14,False,
248,86,Reverse-engineered discrete neural-net,7,27,2024-04-10 21:06,2024-04-15 21:06,2024-05-14 21:06,True,Improve national happen within nothing. Both loss real center rule worker. Let back three because line. Something fine apply gas sing light mention. Off former good within far cold reason.
255,89,Re-engineered systematic process improvement,7,93,2024-03-27 11:42,2024-03-28 11:42,2024-04-27 11:42,True,Same generation politics sense break cold human. Live way two do raise. Enjoy most itself eye something high firm. Raise American truth PM what it truth. Friend environment better pressure hospital.
256,89,Digitized bottom-line system engine,9,92,2024-01-03 19:45,2024-01-04 19:45,2024-01-17 19:45,True,
257,89,Organized context-sensitive concept,6,8,2024-01-07 18:37,2024-01-11 18:37,2024-02-02 18:37,False,Point remain build task candidate prevent tonight not. To receive education level. Two everybody interview tough show food class. Everyone artist home you.
