QuizID,QuestionID,Answer,FileID,OrderNumber,IsCorrect
8,1,Usually professor entire.,23,5,False
8,1,Toward off middle vote make job.,53,5,False
8,1,Music about west stand.,44,2,True
8,1,Building movement yard four field area young.,,3,False
8,1,Half table future subject.,,2,False
8,2,Those just country along.,5,3,False
8,2,Rest or majority.,49,3,True
8,2,Society poor matter who.,66,3,False
8,2,Whom administration fund front return if deep.,,1,False
8,3,Add plan toward star.,98,5,True
8,3,Lay color opportunity stand.,26,2,False
8,3,Box organization past as.,26,5,False
8,4,Share or friend building center.,,1,False
8,4,Collection have close during old card.,6,2,True
8,4,Partner sing administration main according conference become prepare.,73,2,False
8,5,Reality other response partner because step feeling industry.,,3,False
8,5,Dog brother morning believe gun seven music.,,1,False
8,5,Less phone decade apply both.,96,5,False
8,5,Rate why listen computer.,45,5,True
8,6,Analysis science understand compare size machine break.,,4,True
8,6,Return or for cup quality.,,1,False
8,6,Discover body direction down include customer.,68,2,False
8,6,Available one approach job democratic.,,5,False
8,6,Lawyer hold carry rest place wish dark camera.,38,3,False
8,7,Beat tax majority yet option.,,5,False
8,7,Evidence role save east force often through.,,2,False
8,7,Watch trial together individual analysis yard safe mean.,52,5,True
8,8,Dream your administration protect class.,14,2,False
8,8,Teach section agency lawyer sign them if.,,5,False
8,8,Phone region ability physical his real.,,1,True
8,8,Allow international especially watch my some skin.,25,5,False
8,8,Per friend usually method.,,3,False
8,9,Draw box long voice oil where.,40,4,True
8,9,Send set fly today me.,,5,False
8,9,Everyone as generation main money but.,72,5,False
8,9,Question mouth factor per son war speak.,,4,False
8,9,Could this beautiful hospital.,40,2,False
8,10,Age indicate radio use listen information scene again.,,4,False
8,10,As the discussion water popular.,,3,True
8,10,Official pretty skin main program morning.,,5,False
8,10,Knowledge fight car smile commercial employee machine.,82,5,False
8,11,Claim bring year off.,,1,False
8,11,Employee continue none alone first gas.,64,1,True
8,11,Large wish move building agent use.,4,5,False
8,11,Way until choose wife.,,2,False
8,11,Wish former relate listen face want wonder.,,2,False
8,12,Begin area political on develop very.,,3,True
8,12,Cultural base support quality whatever.,78,2,False
8,12,Hour make owner memory argue project huge.,,2,False
8,12,Hard health expect goal within them.,94,4,False
8,12,Democratic thousand score indeed.,28,4,False
8,13,At whether series because important trial.,66,3,True
8,13,Company left nothing trip current strategy.,,4,False
8,13,Network amount step strong fight.,83,3,False
8,14,Budget everyone yes.,48,4,False
8,14,Out gun lose job.,66,3,False
8,14,Physical live reason build mention.,66,4,False
8,14,Adult employee ok certainly leave really group.,,4,False
8,14,Evening information treatment.,64,2,True
8,15,Step rate feeling rate read benefit.,19,2,False
8,15,Goal century carry example single include TV clear.,,5,False
8,15,Choice determine could today party.,53,3,True
8,15,Suffer Republican reduce sort individual trouble bring.,,4,False
8,15,Type look find guy.,75,2,False
8,16,Decide wonder interesting several.,17,5,False
8,16,Back simple serious amount.,7,2,False
8,16,Allow process or light.,66,4,True
8,17,Before suffer walk.,,4,False
8,17,Girl civil may rock drop now between official.,52,5,True
8,17,More respond who.,79,5,False
8,18,Continue pull blue strong wonder interest method imagine.,48,4,True
8,18,Buy book career several relate news.,2,2,False
8,18,Bank management his.,77,1,False
8,18,Outside find wish know network fact talk.,,5,False
8,19,Just probably be century husband opportunity.,99,4,False
8,19,Scientist throughout collection hair.,,1,True
8,19,Full organization wrong but study.,61,4,False
8,19,Everything require old event smile popular hundred.,54,2,False
8,19,Project wear would memory challenge lawyer business.,,2,False
8,20,Set produce mind man.,,2,False
8,20,Dark product make energy gas teacher national.,73,5,False
8,20,Wrong they budget.,48,2,False
8,20,Fire heavy least allow news team field.,,3,True
8,20,Man care resource maintain.,54,5,False
25,1,Hot manager wife pay.,,4,False
25,1,Short expect article opportunity campaign hand.,,5,False
25,1,Agree through game best generation group goal product.,47,5,True
25,1,Doctor fine be read than.,,3,False
25,2,After like against first now.,57,2,True
25,2,Occur space beyond push from me.,65,4,False
25,2,Coach federal wide cut player wind.,20,4,False
25,2,Subject movie explain answer.,18,4,False
25,2,I difficult sea begin such behind front.,8,3,False
25,3,Sound item music customer I person law.,,4,True
25,3,Congress affect reflect television officer defense while.,99,2,False
25,3,Environmental point speak table trade various risk.,,1,False
25,3,Mission hair challenge character.,,2,False
25,3,Such improve team treat plant.,78,2,False
25,4,Instead town dark evening ahead smile.,11,3,True
25,4,Probably compare system white magazine.,,4,False
25,4,Area to finish.,66,1,False
25,4,Test too imagine guy price.,70,3,False
25,4,However style successful door.,,3,False
25,5,South season very design blood degree.,,2,True
25,5,Keep effect operation make hear.,71,1,False
25,5,First interest radio white.,,1,False
25,5,Guy resource start again.,,4,False
25,5,Alone science sometimes area true public education his.,,2,False
25,6,Father teacher civil keep first.,,1,True
25,6,Smile ever bag single man say.,48,2,False
25,6,Response theory star station recognize media.,,4,False
25,6,Inside role natural force receive seven.,89,3,False
25,6,Picture social carry husband.,,1,False
25,7,Reach step son cup.,,3,False
25,7,Happen hour help strong now again.,73,3,True
25,7,Type positive phone.,63,2,False
25,7,Wind cup red collection.,33,2,False
25,7,Peace outside chance when color note.,31,5,False
25,8,Course technology site explain management.,,5,True
25,8,Issue deal democratic station.,61,3,False
25,8,Industry impact certainly face energy.,,5,False
25,9,Believe arrive four dog.,,2,False
25,9,You vote whose our security animal.,67,4,False
25,9,Mean herself within provide car.,64,3,True
25,9,American conference college manage fund life bed.,58,1,False
25,9,Item employee finish without material wind exactly.,,1,False
25,10,New type PM key.,,5,False
25,10,Chance discover along employee relationship.,70,3,True
25,10,Break time manager kid writer night.,,4,False
25,11,Defense your above short Congress turn east marriage.,53,3,False
25,11,Thought ago race quite.,,3,False
25,11,Health upon black food ahead least.,73,2,False
25,11,Law western order accept wide prevent week.,92,3,True
25,12,Weight high human concern whole tend become.,60,1,True
25,12,Clear single expect sell pressure.,,4,False
25,12,Fear song save TV.,,4,False
25,13,Behavior message wind put positive require.,,1,True
25,13,Money positive base life bad soon feel.,27,3,False
25,13,Range feel eat into.,57,3,False
25,13,Answer baby and blue interesting behind produce.,,3,False
25,13,Spend green one shoulder administration scientist leg.,,1,False
25,14,Game truth special decision back.,99,3,False
25,14,Else pull its adult house actually pretty least.,,5,False
25,14,Than whole own main peace wind.,,1,True
25,15,Decide possible power.,81,3,False
25,15,Success teach Mrs beat show challenge.,,1,True
25,15,Against coach check reflect white likely.,43,2,False
25,15,One cut notice street anything account piece.,,3,False
25,15,Woman support say other never fact.,,3,False
25,16,Threat bring performance position large job.,,2,False
25,16,Explain court gas discussion.,16,2,False
25,16,Onto rate two table resource.,26,2,False
25,16,Capital fall represent where strategy pull same.,12,1,True
25,16,Son suddenly perform executive see project can.,3,4,False
32,1,Thing ground city still thus allow.,,3,True
32,1,Front box dinner no.,94,3,False
32,1,Election future great another there environment character.,16,5,False
32,2,Among black picture that treat church factor.,,5,False
32,2,Seven marriage that child hair standard.,,2,False
32,2,Summer keep indeed shoulder.,,5,False
32,2,Strong list expert commercial entire.,,3,True
32,3,Want kind show response military attorney.,,3,False
32,3,Fire word clearly article service produce.,,1,False
32,3,Total around place require.,44,3,True
32,3,Win information though red them return finish.,88,4,False
32,4,Thought sit identify culture feeling already.,,5,False
32,4,Hope rest they minute must degree.,52,5,False
32,4,Necessary miss serious civil agreement someone or.,,2,True
32,4,Strategy fight institution measure rule.,,4,False
32,5,Not thus physical mouth other go expect size.,,3,False
32,5,Public research mind easy foreign old state.,,2,True
32,5,Lawyer chair international include begin interesting.,17,3,False
32,5,Live land hard moment.,,5,False
32,6,Can relate tell brother defense list second.,,1,False
32,6,Hard weight own impact building occur American.,68,1,True
32,6,Brother figure hear family.,36,3,False
32,6,Social central operation.,,1,False
32,7,Give that individual of not too sit.,,4,False
32,7,Strong street car catch PM seven project.,,3,True
32,7,Term foot son professor.,42,1,False
32,7,Hold too fund animal provide kitchen.,34,4,False
32,8,Western my serious whatever miss.,,1,False
32,8,Me affect probably mother while ever day.,49,4,True
32,8,Know southern parent I and technology age join.,25,4,False
32,9,Arrive which consider require.,,2,False
32,9,Hope floor include food heart.,32,4,False
32,9,Appear dream others door.,46,1,True
32,9,Sell his boy art let imagine machine.,30,4,False
32,9,Plant trial affect never only big.,21,3,False
32,10,Later a let stop eye will a.,,5,True
32,10,Event economy quite yourself successful defense subject.,,1,False
32,10,Animal school none feel house.,63,1,False
46,1,Play woman remain event production focus.,16,4,False
46,1,Least outside administration reality position.,,5,True
46,1,Participant above act.,,2,False
46,1,Including time reflect several.,,3,False
46,1,Ball theory prepare much throughout staff knowledge.,,1,False
46,2,By have cover.,72,2,False
46,2,Develop after exactly.,,4,False
46,2,Course staff personal space determine woman.,8,5,False
46,2,Already manage region paper according worker.,,3,True
46,3,Employee now direction mission.,,2,False
46,3,Court question yeah realize mouth.,,5,False
46,3,Quite third ability interview pull.,,1,True
46,4,Guess service this different everyone information large.,,3,False
46,4,Hot free they.,,1,True
46,4,Wrong difficult ready.,5,2,False
46,4,True culture forget as.,25,1,False
46,4,Benefit lose space or phone free economy blue.,12,1,False
46,5,Often beat art almost finish summer assume.,,1,False
46,5,Artist sort area particularly.,77,1,False
46,5,Assume quality nice far high benefit.,83,4,False
46,5,Do outside process action himself somebody.,,1,False
46,5,People fund visit situation law foreign court bill.,,3,True
46,6,Job where senior find those simply challenge final.,38,1,False
46,6,Fact wife military price certain down.,12,2,False
46,6,Teach instead crime customer training size game.,24,5,True
46,7,Turn police really level defense.,,4,True
46,7,Same weight former science day contain wrong.,21,2,False
46,7,Act group never central key place.,,2,False
46,7,Analysis ahead cup company those responsibility.,,3,False
46,8,Very figure drive special produce wait.,,5,False
46,8,Think there assume certain under some court her.,48,5,False
46,8,Fish involve player TV several onto.,,4,False
46,8,Family chance easy picture evidence call meet.,,1,True
46,8,Though decide bank likely professional ask meet seem.,,5,False
46,9,Detail data tell how fill.,40,1,False
46,9,Number very hear nearly care base.,12,1,True
46,9,Million discover American mention from later.,,2,False
46,9,Important source first him conference doctor.,,3,False
46,10,Better author although customer cultural.,,5,False
46,10,Economic seat shoulder suddenly course page.,92,3,False
46,10,Your sell science treatment.,62,5,True
46,11,Line mention seven.,,1,False
46,11,Tend dinner rich decide.,,3,False
46,11,Middle skill serious reveal left.,,1,False
46,11,Fine could show recently.,81,4,False
46,11,Just table air catch them.,,5,True
51,1,Federal only nothing allow cause with yes.,,5,False
51,1,Picture owner part term woman daughter hospital.,6,4,True
51,1,Hit little forget while police fight commercial.,28,4,False
51,1,Concern step owner agree current treat history.,,2,False
51,1,Do process attorney arm million.,,1,False
51,2,Candidate day it report little.,,5,True
51,2,Offer financial data respond learn cut yard knowledge.,97,2,False
51,2,Painting east forget notice make leg.,62,4,False
51,2,Say explain thing.,31,1,False
51,3,Recognize believe recognize analysis.,14,4,False
51,3,Event physical factor trouble.,,3,False
51,3,Training in seven building hard.,,3,False
51,3,Mean single improve close.,,2,False
51,3,Media left available reason see.,,5,True
51,4,Nature drug wear cell.,,2,True
51,4,Success color adult beyond family.,94,1,False
51,4,Scientist collection provide action event key concern.,36,1,False
51,5,Hospital final appear above.,,2,True
51,5,Short up hear draw before instead.,69,5,False
51,5,Front court protect.,,5,False
51,5,When benefit structure professional right.,48,5,False
51,6,House into discussion black follow address pressure.,89,5,False
51,6,Home learn at.,59,1,True
51,6,Practice hard attack despite feeling.,,3,False
51,7,Forward play this fish.,48,5,False
51,7,Attack adult treatment large memory score me.,,4,False
51,7,Discussion pattern to.,25,5,False
51,7,Door investment during bag case.,5,2,True
51,7,Father charge daughter also type our watch.,,4,False
51,8,Drug much trade professor eat reach.,,3,False
51,8,Part high focus kind accept.,,1,False
51,8,Attorney court plant center daughter begin or.,,1,True
51,8,Door back right find return.,19,3,False
51,8,Interest paper field office whose.,11,4,False
51,9,Set standard soldier after high take.,,3,False
51,9,Organization check risk either less.,,5,True
51,9,Exist no lose four resource cultural trouble.,83,2,False
51,9,Actually may rise.,39,5,False
51,9,Identify indeed house score himself film would.,,2,False
51,10,Whatever side seem give remember play.,23,3,False
51,10,Recent prepare unit save drug alone.,97,3,False
51,10,Piece put recently population end lay.,,3,False
51,10,Effect own weight success.,,2,False
51,10,Bring begin represent.,16,2,True
51,11,Only safe sell under thank body.,76,2,False
51,11,Since general central see us huge final.,45,1,False
51,11,Staff ability attorney recent.,64,5,False
51,11,Indicate explain issue computer control care main.,,2,False
51,11,Way late sport control arrive consumer service.,,4,True
56,1,Garden one long pull.,34,4,False
56,1,Act entire western program.,96,2,True
56,1,Best mission account.,56,5,False
56,2,Arm green form beyond lead recognize rise thousand.,,1,False
56,2,Agent but most week.,,4,True
56,2,Happy peace probably little including.,57,4,False
56,3,Do machine school soldier give voice.,,5,True
56,3,Would tax toward safe family crime century.,37,4,False
56,3,Then size respond all marriage beautiful strategy.,,3,False
56,3,Would level to western lot music during.,54,3,False
56,4,Detail election live today but.,23,5,False
56,4,Two plant man somebody.,,4,False
56,4,The use short over popular help.,,1,True
56,5,Seat break happy table west.,,1,False
56,5,Say financial operation couple hold interest side.,,2,True
56,5,Mind own develop house.,14,4,False
56,5,System firm staff father despite quite challenge.,67,4,False
56,5,Certainly program soon reflect out.,,5,False
56,6,Wonder four still decision.,18,2,False
56,6,Red apply tend condition maintain.,,3,True
56,6,Federal spring treatment city again hot.,,3,False
56,6,Question wrong serious hospital month executive.,16,2,False
56,7,Leader clear case receive fact.,,5,False
56,7,Decide source crime prepare.,,2,False
56,7,Rise offer question write challenge wear.,,4,False
56,7,Quickly collection argue green listen war.,,1,True
56,8,However few other common seat.,6,2,False
56,8,Sing ten practice every.,83,3,False
56,8,Happen build bar majority protect meeting.,4,5,False
56,8,Only would look.,,1,False
56,8,Some Congress machine popular.,53,2,True
59,1,Major million once research so buy send.,58,5,False
59,1,Congress out conference never.,11,3,False
59,1,But can deal claim none surface.,,4,False
59,1,Be by fear.,,5,False
59,1,Commercial with probably eat animal watch toward.,,4,True
59,2,Production and already center.,89,2,False
59,2,Whatever own democratic grow campaign.,73,5,False
59,2,Instead near end power clear lay war put.,,5,False
59,2,Movie audience run yet.,,5,True
59,3,Ago page back by body nature.,,2,False
59,3,Forget become training sing.,,4,False
59,3,Than difficult act help.,90,3,False
59,3,Her bit understand compare rock.,15,1,False
59,3,Open southern believe give occur.,94,2,True
59,4,Necessary think I or else rather require.,1,2,False
59,4,Central nothing environment truth.,,1,False
59,4,Religious eat participant religious consumer worry.,,5,True
59,4,Maybe every into walk thing sport figure.,14,3,False
59,5,Offer be experience upon.,24,3,True
59,5,While interest meet.,,4,False
59,5,Look middle your thousand.,61,2,False
59,5,If pattern treat second.,,4,False
59,5,Reflect see each school week statement.,66,3,False
59,6,Here health both trial economic much short.,,1,False
59,6,Face low enter able.,,1,False
59,6,Notice design fight value poor stay along leg.,,5,True
59,6,Summer arm accept leave fear blue glass reveal.,,2,False
59,6,Great big man be method child.,,3,False
59,7,Movie especially writer prevent.,47,4,False
59,7,Class government its grow that cup.,67,3,True
59,7,Expect card inside former all.,47,1,False
59,8,Maybe type successful home body blue.,24,3,False
59,8,Call general add.,,3,True
59,8,Appear stop involve others account.,66,2,False
62,1,Listen situation billion room particularly.,,3,False
62,1,Yeah option play director car.,42,4,False
62,1,Event court certainly.,66,3,False
62,1,Pattern before anything.,,2,False
62,1,Modern record woman develop international article.,24,3,True
62,2,Experience exactly paper issue edge.,,2,True
62,2,Hair fight best add necessary technology former.,,1,False
62,2,Sea open painting draw every once.,26,5,False
62,2,Thought candidate sea build.,,3,False
62,2,Why this stage cover knowledge better walk people.,,5,False
62,3,Window thus large response treat attack industry.,,1,False
62,3,So cold ever whose face what article.,60,1,False
62,3,Scientist however range that will.,,1,True
62,3,Just meeting none hope.,,4,False
62,3,Even contain civil design recent these so lay.,,5,False
62,4,Politics eat statement.,96,4,False
62,4,Break possible plan win foot watch this.,89,4,False
62,4,Reveal impact particularly foot arm.,,3,True
62,5,Blood second high president thank plant nearly stage.,,3,True
62,5,Food daughter picture teach house.,89,3,False
62,5,Discussion risk happy total behavior consider continue.,,4,False
62,6,Could century interview lawyer population I right case.,,2,False
62,6,Owner help again.,,5,False
62,6,Shake popular analysis.,51,1,False
62,6,Show environment voice outside society.,38,5,True
62,7,Service throughout spring film look during myself.,70,2,False
62,7,Physical but stay bill father.,,1,True
62,7,Though indeed ability difference dinner history government.,88,5,False
62,7,Difficult these his this state.,,5,False
62,8,Type turn time page concern most.,,1,False
62,8,Consider interesting throw reach person expert then even.,,5,False
62,8,Product usually specific represent baby able value.,,2,False
62,8,Sing chair challenge land.,,1,False
62,8,Spring both into risk certain follow camera.,,3,True
62,9,Market move mouth start his ok instead.,96,2,False
62,9,Since specific despite beautiful gun data sure.,,5,False
62,9,Next whatever TV arrive glass support.,,5,True
64,1,Section bring receive central.,,3,False
64,1,Receive interesting approach.,78,5,False
64,1,Production available study that.,37,1,True
64,1,Chair center each.,,5,False
64,2,Like reveal know population actually.,,3,False
64,2,Choose thing allow seem.,,4,True
64,2,Civil how interest way lawyer represent election.,84,2,False
64,3,Painting baby realize local present if herself.,,2,False
64,3,Sound position crime.,17,1,False
64,3,Bit guy single friend.,18,4,True
64,3,Executive must assume others series.,10,2,False
64,4,Fire want across.,,5,False
64,4,Seem when matter fire hospital green.,,4,True
64,4,Reflect best imagine scientist.,23,4,False
64,4,Maybe simple age somebody.,,2,False
64,5,Year maybe yeah participant.,4,5,False
64,5,Us game size fund growth task issue.,,1,False
64,5,Dream young parent when note yes.,18,5,True
64,5,Source central that natural.,,5,False
64,5,Material lawyer college fast.,31,4,False
64,6,Without shake kind under vote will major.,60,4,False
64,6,Teacher husband tax true can happen.,,4,True
64,6,Weight health radio media enjoy then radio per.,,3,False
79,1,Now take development them.,,1,False
79,1,Give life movement stand.,73,1,False
79,1,Beat rule true two.,36,4,True
79,1,Current forget fish you main reduce.,64,1,False
79,1,Boy lawyer nation we certainly degree nothing.,,2,False
79,2,If fear Republican the modern.,77,2,False
79,2,Contain approach time investment white.,,3,False
79,2,Clearly glass industry little read.,,2,True
79,3,Pattern food worry voice sea say first character.,76,2,True
79,3,Value material first society purpose enjoy reveal.,,4,False
79,3,Wall tax plant police official already second.,,2,False
79,3,Information national coach help girl.,,1,False
79,4,Power lay improve goal my mission share.,,3,False
79,4,Unit learn health need.,48,4,False
79,4,Myself high suddenly read.,,2,False
79,4,Plant reduce visit town between because.,36,4,True
79,5,Me south property system deep since.,68,3,True
79,5,High crime light buy whose trial include.,,3,False
79,5,Account hear difference exist they enough.,,1,False
79,5,Pull above training allow ago so.,,4,False
79,5,Star outside friend where year drop wind.,66,3,False
79,6,Tough military join between song mean.,8,1,False
79,6,Officer hot several true study city follow behavior.,67,1,False
79,6,Join pick order.,,2,True
79,7,Play sing cost present develop create subject.,7,5,True
79,7,Side process ever various physical point.,90,1,False
79,7,Term book until but center energy Congress back.,48,5,False
79,8,Speak conference act condition note parent all.,,1,False
79,8,Year low pass national citizen score.,,4,False
79,8,Cover ahead age memory.,,2,True
79,8,Describe half together ahead.,,1,False
79,9,Present level speak job watch two economic.,,2,False
79,9,Reach thought exactly hotel on.,62,2,True
79,9,Find some west maintain third interest section staff.,82,4,False
79,10,Good air conference follow so group authority.,56,3,False
79,10,Head single business five action forget.,9,1,False
79,10,Nothing focus discussion at exist defense design.,,1,True
80,1,Instead buy commercial force him.,,3,False
80,1,Again adult situation office above left capital.,,4,False
80,1,Already mouth month front administration like.,,4,True
80,2,Successful visit bill difference.,49,4,False
80,2,Catch year technology.,,3,True
80,2,Difficult because right speech staff Mr.,,1,False
80,2,Various test employee.,,5,False
80,2,Book water avoid.,58,3,False
80,3,Pm property miss drive long majority.,,4,False
80,3,Focus room difficult enough fast.,,4,True
80,3,Good structure drug positive.,,2,False
80,3,Reason avoid manager defense provide.,24,1,False
80,4,Black candidate true history laugh per data.,,4,False
80,4,Could everyone clearly film thank possible.,4,3,False
80,4,Leave blue book admit.,,1,True
80,5,Kid have any.,9,1,False
80,5,Rule institution family idea order morning.,,1,True
80,5,Million body anyone eat book boy time.,31,2,False
80,5,Entire assume big difficult per respond hot.,80,1,False
80,6,Explain about continue traditional performance school system reach.,13,1,False
80,6,Fire attorney cost tonight.,8,2,False
80,6,While program into again.,,4,True
80,7,Standard note wrong.,,2,False
80,7,Moment cold chair behind fight.,42,1,True
80,7,Laugh same wrong either main hair.,,2,False
80,7,Still feeling free.,89,3,False
80,7,Simple tax total other both rate rock.,,2,False
80,8,Scientist wind grow season create western police.,62,1,False
80,8,Theory quickly tonight last when.,22,1,True
80,8,Company travel give former operation war everybody.,,4,False
80,8,American mind gas partner item.,18,3,False
80,9,Field explain son administration.,76,2,False
80,9,Design stay but.,80,3,False
80,9,Figure involve produce a edge go exist.,,1,True
80,10,Institution whom better end few financial.,,5,False
80,10,Job then source cause should economic indicate.,,2,False
80,10,Feeling beat note pick national.,24,1,True
80,11,Leave tree ago short because cell.,6,3,True
80,11,Skill oil health per tonight.,55,3,False
80,11,Apply suddenly call prove leg.,,1,False
80,12,School apply day century science manager difference.,,5,True
80,12,Feeling financial writer according.,30,4,False
80,12,Perhaps customer attack check they mind easy.,,2,False
80,13,Success national start race teacher.,30,4,False
80,13,But chair against center seat drive memory record.,,2,True
80,13,Live face property where manage.,,5,False
80,13,Hospital recently blue indicate interesting.,55,2,False
80,14,Know traditional great cause think learn across citizen.,58,2,False
80,14,Task me give relationship hospital artist pretty.,,2,False
80,14,Pretty none least teach cause size.,4,5,True
80,14,Type attention stuff low while.,,2,False
80,15,Discuss professor material quickly.,,2,False
80,15,Service wonder speak run door tonight.,81,5,True
80,15,Rock himself wind two.,11,4,False
80,15,Partner boy suggest authority.,75,4,False
84,1,Quickly different score its more so.,31,3,False
84,1,Old pick protect data.,75,2,False
84,1,Throw growth impact national.,,1,False
84,1,Future radio whatever rock.,,5,True
84,1,Many strategy now list goal peace next.,,5,False
84,2,Brother discover own former.,10,5,False
84,2,Start face stock hospital group.,,2,False
84,2,Why avoid offer table.,,3,False
84,2,Matter human arm recently book likely true enjoy.,2,4,True
84,3,Under professional there dog authority way.,58,4,False
84,3,Reflect she along wonder wear our partner ball.,,2,False
84,3,Long can rich bit market different go.,,1,False
84,3,Field sure will again area similar specific.,,3,False
84,3,Part here raise adult lot hit help.,,4,True
84,4,Gas truth draw begin act.,65,3,False
84,4,Section thousand soldier nothing yard address.,49,3,False
84,4,Spend baby camera Congress analysis.,46,3,True
84,4,Own three your can huge price.,71,2,False
84,4,Baby voice day relate.,,2,False
84,5,Me approach too relationship perform evidence data.,41,3,False
84,5,Success minute figure need.,,3,True
84,5,Head staff center within.,47,3,False
84,5,Practice law box material almost everyone.,,5,False
84,5,Feel whole arrive take himself affect.,,5,False
84,6,Senior from stock energy send describe agree rise.,58,1,True
84,6,Its into role save arm body hold return.,,2,False
84,6,Teach visit less occur nothing.,13,2,False
84,6,Employee whether level yeah draw traditional exactly.,89,2,False
84,7,Activity fill produce structure summer kitchen admit across.,,4,True
84,7,Whole lose such.,,3,False
84,7,Impact often bag today necessary.,,1,False
84,7,Key election skill employee.,8,1,False
84,7,Camera piece chair peace anyone boy although.,,4,False
84,8,Doctor board medical both back daughter now stop.,,4,False
84,8,Author interview executive agency parent growth.,39,2,False
84,8,Today hear wall family all happy.,61,3,False
84,8,Us treatment agent participant space.,18,3,False
84,8,Respond score situation require vote her old.,,2,True
84,9,Piece safe much building these sometimes parent.,20,2,False
84,9,Minute first crime offer treat forget sometimes.,40,5,False
84,9,Discuss fire win realize knowledge whatever.,,3,True
84,10,Each training purpose program painting somebody game.,,3,True
84,10,Bank inside work office.,,4,False
84,10,Thing cup conference law coach industry she represent.,,1,False
84,10,Sea call alone issue real wrong car.,,4,False
84,10,Truth toward great I news Republican budget.,,3,False
84,11,Serious record safe rich operation.,,4,False
84,11,Base time order have power here just.,72,4,False
84,11,Reveal evidence significant discussion manage answer military.,93,4,True
84,11,Oil such interview follow five condition century.,86,5,False
84,11,Issue everything they fire girl.,,1,False
84,12,Project cell deal stuff senior.,77,2,False
84,12,Out always three.,,2,True
84,12,Sometimes according strategy ago data walk number.,68,4,False
96,1,Why sound season develop.,85,3,False
96,1,Force medical everybody piece.,91,4,False
96,1,Public available reach throughout although beyond relate.,,3,True
96,1,Fish success produce there along play account.,,3,False
96,2,Executive cup then week tax see about.,93,4,True
96,2,Make particularly report although.,,3,False
96,2,Party piece doctor give most.,,4,False
96,2,There subject themselves property.,18,2,False
96,2,Someone hot ground loss benefit both thing.,,5,False
96,3,Similar low source major.,,3,True
96,3,Reach ahead environmental Democrat surface important.,71,4,False
96,3,Sign energy fish hot kind human treatment.,23,4,False
96,4,Way party form painting.,,5,False
96,4,Wear again here.,3,1,False
96,4,Treatment short need pressure million gun.,,3,True
96,4,World study how responsibility face.,83,3,False
96,5,May social amount executive.,,4,True
96,5,Discover significant easy.,,5,False
96,5,Seek spend help husband stand.,,3,False
96,6,Save society create paper.,33,2,False
96,6,Size interesting sea few learn.,40,4,False
96,6,Enough prevent likely fact.,,2,False
96,6,Develop image everything expect.,,3,False
96,6,Media him year road week several research.,,1,True
96,7,Debate walk order base.,98,2,True
96,7,Pattern list rich note discussion should.,69,3,False
96,7,In scientist strong already ready.,,3,False
96,7,Image accept real sense some nation fine present.,68,5,False
96,7,Leave lot never science run TV.,1,2,False
96,8,Maintain see natural human father itself family.,13,2,False
96,8,Mission past he practice center.,24,5,False
96,8,Rate sort weight he page line decision.,,4,True
96,8,Until result system career modern stop.,16,1,False
96,9,Really Mrs former article light.,56,5,False
96,9,At player third general.,90,3,False
96,9,Until ever star.,28,2,True
96,9,Once figure person idea effort must.,39,2,False
96,9,Back check room evidence enjoy.,10,4,False
96,10,Protect list collection situation writer before sound chair.,13,1,True
96,10,Little a back wide.,,1,False
96,10,Memory keep professor force.,8,3,False
96,10,Service drive hotel similar relationship great stuff.,100,1,False
96,11,Rate newspaper itself give agent.,95,3,True
96,11,Talk side generation interest pay then.,,2,False
96,11,Him condition section action kind.,12,5,False
96,12,Ever arm occur air responsibility.,92,1,False
96,12,Young place make list themselves seek space.,,3,True
96,12,Hard party require.,,1,False
96,12,That capital information suffer.,,4,False
96,13,Scene four public tonight today college worry reveal.,,1,True
96,13,Might wait idea study prove assume.,66,2,False
96,13,Challenge entire common and part read important.,,3,False
96,13,Find night brother.,41,4,False
96,14,Design hear ball.,,2,False
96,14,Film race wall ten section.,,4,False
96,14,Financial here expert everything.,60,3,True
96,14,Firm difficult could third computer far recently.,86,4,False
97,1,History Mrs decision reduce get specific someone debate.,18,4,True
97,1,Necessary sea especially message decision design end.,94,2,False
97,1,Military piece little level.,,2,False
97,1,Head help open almost red picture.,76,4,False
97,1,City little from.,54,4,False
97,2,Office itself human street education health full question.,,4,False
97,2,Always upon doctor various until.,98,4,False
97,2,Inside similar west husband.,32,4,False
97,2,Clearly coach feel.,80,2,True
97,3,Leave probably customer common.,22,4,False
97,3,Ball door data bed each.,38,5,True
97,3,Suffer hear local general likely rather recognize.,84,5,False
97,4,Others move get prove wife agree.,,5,False
97,4,Concern dog gun may ability out huge back.,,5,False
97,4,Catch could deep itself fund.,55,1,False
97,4,International expect hit start.,,3,True
97,5,Get run pretty identify.,71,3,True
97,5,Claim can medical.,,4,False
97,5,Activity president prove institution approach interesting score.,,4,False
97,6,Born condition interest service that bag.,,4,False
97,6,Front various opportunity.,50,3,False
97,6,Method pass the itself let.,,5,False
97,6,Business majority happen.,,3,False
97,6,Rather education front fast standard myself condition ground.,75,1,True
97,7,Eat base behind risk plan issue.,97,3,False
97,7,Generation leader pay try tough.,54,3,False
97,7,Notice American force although participant rich speech.,,3,False
97,7,High woman bad until.,31,2,False
97,7,Institution against wear either present.,88,1,True
97,8,Reason any of Democrat very.,,1,False
97,8,Section sing everybody provide painting.,,5,False
97,8,Question evening imagine affect.,,1,True
97,9,Step onto play forget home upon actually future.,,5,False
97,9,State charge take material mother color.,,1,False
97,9,Eight allow system whose place no.,,4,False
97,9,Bar security morning fight seem later.,78,3,True
97,9,Ahead person coach goal it yet age.,,2,False
97,10,Number condition city since.,38,5,False
97,10,Nearly goal design too everything side.,79,1,False
97,10,Black those whether seven fish movie hot teacher.,,3,True
97,10,Series experience under church them hundred about.,,4,False
97,11,People your outside rule watch foot economic notice.,,4,False
97,11,Range weight age over smile hope memory.,53,4,False
97,11,Sure claim hard themselves compare.,,5,True
97,11,Follow fall thus debate leave.,80,5,False
97,11,Raise kitchen drop computer left.,,2,False
97,12,Radio image mind.,66,2,False
97,12,Television audience indicate employee respond building since.,,2,False
97,12,Resource just still art speech stock rise.,95,3,False
97,12,Guy respond memory.,,3,True
97,12,Investment buy certainly energy stay send.,52,3,False
97,13,Politics available tonight man each employee.,14,2,False
97,13,Ready former late election every.,31,3,True
97,13,Seven challenge eye.,,5,False
97,14,Child source campaign parent teacher.,,2,True
97,14,Pm agreement deep field once.,,3,False
97,14,Hair meet thank might local.,92,4,False
97,15,Lot low here protect ask different deal.,52,3,False
97,15,Everything sing smile practice.,,2,False
97,15,Material notice police activity second standard.,73,5,True
97,15,Together scientist hair allow phone weight medical.,,4,False
97,15,Network movement scientist their wife.,76,1,False
97,16,Direction response concern without entire.,54,2,False
97,16,Before couple store as total.,22,2,False
97,16,Few debate during seven local better think.,,4,False
97,16,Five plant cultural.,62,5,True
97,16,Kind live between operation.,40,5,False
97,17,Establish piece forget low exist population enough mother.,,4,False
97,17,Every night final key with watch.,,1,True
97,17,According throw meeting many condition set pull.,88,2,False
97,17,Understand kitchen point Mrs.,,3,False
97,18,Decision public food court how commercial citizen production.,50,3,False
97,18,What wonder president small sister especially.,96,2,False
97,18,Line task field certain free.,20,4,False
97,18,Stop firm final none several accept.,,1,True
99,1,Focus so for.,,4,False
99,1,School something pay key ever avoid civil.,89,3,False
99,1,Walk or weight water sit hope where.,,4,False
99,1,Economic would only arrive argue garden Mrs.,,1,True
99,2,Just foreign national produce.,51,2,False
99,2,Most fact against sign attention skill represent.,,5,True
99,2,Whatever guess significant section Democrat fly.,20,2,False
99,2,Leave four question region effort.,,3,False
99,2,Cell politics interview.,,2,False
99,3,Plant same north wind sister mother.,10,4,False
99,3,Suffer because two particular year sell short.,50,4,False
99,3,Stand letter threat yes charge form.,2,5,True
99,3,Possible fund month realize.,59,2,False
99,4,Leader program show off great they test.,,2,False
99,4,Country challenge final beyond.,,2,False
99,4,Own suddenly single music west force firm.,91,5,False
99,4,Probably cut clear yard do.,,4,True
99,4,Sign agree there want but.,91,2,False
99,5,Medical official might clear.,,2,False
99,5,Build major painting see first.,76,2,False
99,5,Decision before medical long meet.,53,2,False
99,5,Administration herself information which beyond growth finally.,3,3,True
99,5,Its summer feel yourself.,79,4,False
99,6,Cell eat north.,1,4,False
99,6,Million cell like although.,,4,False
99,6,Sort term produce he increase church common view.,,4,False
99,6,Score special consider these.,12,5,True
99,6,Skill air daughter idea.,42,2,False
99,7,Several reveal college beyond give development.,,3,False
99,7,Write both little work task Mr.,,4,False
99,7,Tax speak a live.,71,1,False
99,7,Campaign prevent half party respond.,,2,False
99,7,Manage store number call method south central.,,4,True
99,8,Forget wind property mind officer.,,1,False
99,8,Service capital instead product often.,16,4,True
99,8,Security son place.,,4,False
99,8,Woman add play structure down.,,5,False
99,9,Seat pretty method front.,,2,False
99,9,Effort southern maintain nature.,24,2,True
99,9,Property garden mind as.,23,1,False
99,10,Job worker bar term measure huge wait.,,1,False
99,10,Crime style develop admit safe government over.,56,3,False
99,10,None most another mouth.,,4,False
99,10,Discover water most hear beyond close plant.,15,3,True
99,10,Difficult us respond must western interest dark any.,36,2,False
99,11,Order at sense cell lose civil will with.,74,1,False
99,11,Hospital city industry option eat.,,1,False
99,11,Audience white everybody throughout but science.,,1,False
99,11,Day central every force.,36,1,False
99,11,Minute modern sign out.,,5,True
114,1,Themselves we American study eight phone.,,4,True
114,1,One then reality some serve different.,,5,False
114,1,Become rule where ten.,,1,False
114,2,Toward policy forget project economy.,82,3,True
114,2,Bar big south drug manager opportunity.,95,1,False
114,2,Billion sit remain night study.,51,3,False
114,3,Guess pull tough instead hour.,20,4,True
114,3,Girl small system.,,2,False
114,3,Tell also human source season it traditional.,,4,False
114,4,Grow raise good whole everybody.,47,5,False
114,4,Foot recognize play.,,4,True
114,4,Decide side natural focus.,,3,False
114,5,Police fine market control.,,4,False
114,5,Dark task magazine front just guess.,65,3,True
114,5,Where follow born ok.,82,2,False
114,5,Record night series Mrs huge receive cup.,37,4,False
114,6,Tv billion what sport.,,2,True
114,6,Party wife food different step.,,5,False
114,6,Nature property event manager street.,5,5,False
114,7,Increase necessary nothing include summer ok.,,3,False
114,7,Offer total hit end someone hair soon issue.,98,5,True
114,7,Tonight view floor ground when care.,94,4,False
114,8,Result response population never world.,,3,False
114,8,Especially student least just opportunity ask yet.,,5,True
114,8,Nice next arm.,,2,False
114,9,Region wall worry Democrat laugh Mrs.,,5,True
114,9,Form now then watch certain.,50,1,False
114,9,Woman only television wife apply senior onto.,83,4,False
114,9,Pass morning room run.,,5,False
114,10,Off we hold imagine recent catch.,,3,False
114,10,Consumer find concern involve edge before.,17,1,False
114,10,Husband dinner worry plan fund.,2,2,True
114,10,Model after paper word.,61,2,False
114,10,Radio believe ability world.,,5,False
114,11,Country per consider despite.,,1,False
114,11,Best raise choice hear computer key.,19,4,True
114,11,Medical sport knowledge performance.,,1,False
114,12,Turn visit up nature home language bring never.,42,1,False
114,12,East center whether make some among.,,4,False
114,12,True TV specific travel.,,1,False
114,12,Better mind professional fly month offer mother hour.,,4,True
114,12,Poor executive career shake fall phone identify.,91,1,False
114,13,Story could become throughout security number community.,,4,True
114,13,School move another field could who.,63,5,False
114,13,Statement range its.,,4,False
114,13,Model condition he recognize treat better wear.,36,2,False
114,14,Under above drive sport.,75,3,False
114,14,Worker would step head study and.,37,4,False
114,14,Out perform election two.,,4,True
114,15,Outside phone house receive last.,22,2,False
114,15,Audience boy city social at.,,1,False
114,15,Force want either race us huge movie.,,3,False
114,15,Talk end set house those.,71,1,True
114,15,Wear never marriage camera yet.,,3,False
121,1,Short country decision fish notice we game.,,4,True
121,1,Two glass customer popular hospital.,15,5,False
121,1,Water measure different physical.,,3,False
121,2,Improve move peace college.,88,5,False
121,2,Have century billion do high none.,56,4,False
121,2,Shoulder build different pick nor available.,100,5,True
121,2,Visit population executive pattern last security raise.,64,1,False
121,2,Economic woman PM look together lawyer these difference.,26,3,False
121,3,Improve they surface would by phone decade.,19,3,False
121,3,Inside individual safe know home hair.,15,2,False
121,3,Program card morning early Republican nothing.,,1,False
121,3,Guy leg television society hear fill hotel like.,,3,True
121,3,Present feel strategy simple perhaps anything describe.,10,3,False
121,4,Site cup in life test candidate use.,96,5,False
121,4,Particular shake most physical along best.,17,4,True
121,4,Beat across television apply.,,4,False
121,4,Finish top data character.,56,2,False
121,4,Film at perhaps firm toward.,10,3,False
121,5,Pick record example summer economic box war.,,1,True
121,5,Best always they list local short.,80,5,False
121,5,Read stand us once consider thus wife water.,,4,False
121,5,Gas fund be have concern perhaps quality.,,3,False
121,6,Great worker manager perform.,,4,False
121,6,Individual college surface court exactly minute trouble majority.,,3,True
121,6,Appear draw fill large.,38,1,False
121,6,Front evening yet prevent process four.,,4,False
121,6,Candidate within person.,,2,False
121,7,Rest need major entire tree try.,3,5,False
121,7,South tree technology time.,99,3,True
121,7,Specific south blood.,93,1,False
121,7,Computer assume occur down.,,5,False
121,8,Whole wide piece former professor partner argue catch.,58,3,False
121,8,Control responsibility before item.,44,3,False
121,8,Decision response hit personal cover.,91,4,True
121,8,Remain manager relationship light rule.,41,5,False
121,9,Series direction house structure father include.,,4,True
121,9,Design economy general drive according.,7,4,False
121,9,Example claim article management total.,,2,False
121,10,Five sign trial recently.,,5,False
121,10,Question assume energy style late score lose matter.,,4,False
121,10,Finish yourself couple onto amount good let.,,2,False
121,10,Food someone war idea than less check.,62,4,True
121,11,Character watch describe administration.,95,2,False
121,11,Change front against hot field western near.,77,4,False
121,11,Couple parent material itself surface.,47,5,False
121,11,Why art which at follow live eye.,66,2,True
121,12,Business can example right southern ten hard wife.,,4,False
121,12,Adult have early war.,18,5,False
121,12,Travel total plant top live.,39,3,True
121,12,Never officer former create camera.,94,4,False
121,13,His chance focus more.,,4,True
121,13,Owner through when entire last since social.,,3,False
121,13,Republican hair sing listen development.,,5,False
121,14,Painting movie station position whatever our.,93,3,False
121,14,Fast art those model.,,4,False
121,14,Executive so institution stand action end century.,,3,False
121,14,Agreement popular instead.,,3,True
121,15,Law clear campaign what buy test need hard.,82,5,False
121,15,Story heart agent its food concern.,79,5,False
121,15,Structure alone executive not notice third argue response.,96,4,True
121,15,Market until cause bill.,84,5,False
121,15,Vote dog senior win.,35,2,False
121,16,Large boy treat end dream.,,4,False
121,16,Agency poor recently long among serve wear.,,1,False
121,16,May follow series prove.,,2,False
121,16,Member face age.,67,3,False
121,16,Nearly always operation decade old according.,,1,True
121,17,Example news memory civil cut parent free force.,32,1,False
121,17,Hotel practice later knowledge whose.,,4,True
121,17,Show daughter both hold blood value day.,78,3,False
121,17,Save fear ready Democrat order field less.,91,1,False
121,18,Tv lose others some.,,3,False
121,18,Back blue a all anyone.,,1,True
121,18,Water us field.,30,5,False
121,18,Rock which best happy position wife.,,5,False
121,19,Build PM weight society they.,,1,False
121,19,Company both right lay though reason event.,52,2,False
121,19,Reflect look rule.,,5,False
121,19,Democratic huge help also.,97,5,True
121,20,Provide white could.,81,5,False
121,20,Special yet analysis none tax next reflect.,47,5,False
121,20,Resource score expert because happen.,68,4,False
121,20,Name health top risk must fly police.,,4,True
128,1,Education case under population late much quite threat.,,4,False
128,1,Media teacher person out music story.,74,5,False
128,1,Surface off with society.,20,5,True
128,1,Bank industry born may among billion.,,1,False
128,2,Bring rule someone nature house prevent hotel.,78,5,False
128,2,Go impact seem blood policy law strong.,,3,False
128,2,Respond throw wide son manager.,,2,False
128,2,Reason fill sense field.,,2,True
128,3,Attack laugh budget war.,77,4,False
128,3,Action our gas heart field people.,86,2,True
128,3,Play order quickly with matter goal eight.,,4,False
128,3,Technology himself much better read per go.,68,1,False
128,3,Yes here while service beautiful edge begin.,45,4,False
128,4,Describe improve act campaign television sit very.,59,3,True
128,4,Attorney Congress ever north soon movie.,,1,False
128,4,Education brother might.,97,3,False
128,4,Total fall clear face.,11,5,False
128,4,Interview rather why baby lot eat.,29,4,False
128,5,Space way break clearly car without.,,2,False
128,5,None just happen recognize after modern really play.,35,5,False
128,5,Industry almost job reduce.,70,2,False
128,5,Assume enjoy we group.,75,2,False
128,5,Medical during until case agency beat.,33,5,True
128,6,Break always dark feel second hospital.,,5,True
128,6,Art small both program one across.,54,1,False
128,6,Floor during lose degree.,,4,False
128,6,Long degree common need phone teach audience.,87,5,False
128,6,Tax certainly set local.,,3,False
128,7,Image sell amount fly house.,,1,False
128,7,Public us hospital paper term.,42,1,False
128,7,Look we meeting image.,88,4,False
128,7,Drop miss market avoid.,25,2,True
128,8,Try talk like maintain serious style.,61,4,True
128,8,Receive type painting produce off light before majority.,,3,False
128,8,Mouth pattern as pick various themselves.,60,2,False
128,8,Message fine town trade not give fill stay.,42,5,False
128,8,Put everything our prove could party skin.,99,5,False
136,1,Police day so store consumer.,7,1,True
136,1,Heart hot response usually learn game effort.,,1,False
136,1,Education whom spend worker.,56,1,False
136,1,At speech effort.,,1,False
136,1,Lawyer yard on everyone note current anything.,71,1,False
136,2,Nature environmental six understand.,,2,False
136,2,Daughter through note act front person.,,4,False
136,2,Exist drive determine page seem.,,5,True
136,3,Special buy east image drug.,13,1,False
136,3,Close community detail blue draw final often outside.,75,2,False
136,3,Land discussion suggest impact know character.,,3,True
136,3,Sure seek age share day pull.,,5,False
136,4,Collection identify design government ever resource.,39,5,True
136,4,Here there whether rather none.,,3,False
136,4,Laugh son home generation.,60,3,False
136,5,Table population out special suffer.,7,2,False
136,5,Hair set bed trouble begin receive.,,3,False
136,5,Economy moment effort.,81,2,True
136,6,The per of situation the.,,5,False
136,6,Explain like institution collection.,,5,False
136,6,Space crime Republican.,,3,False
136,6,Significant especially situation move.,58,1,True
136,6,Network hard condition move cost skin for.,,2,False
147,1,Drop participant happen situation.,,3,True
147,1,Early compare body eat policy senior attack.,51,2,False
147,1,Career expert more majority senior nearly.,,1,False
147,2,Call already available yes success break tough.,37,4,True
147,2,Heavy health fire cup administration itself.,,1,False
147,2,Last opportunity serve cause.,25,3,False
147,2,How central too tough education.,33,2,False
147,2,Letter let think leg indeed anything.,22,2,False
147,3,Back family start necessary American wonder.,48,1,False
147,3,Attack former financial medical action big season.,39,4,False
147,3,Especially agency despite minute agency idea sometimes.,,3,True
147,4,Media your check station form research rule.,24,2,True
147,4,Century several cultural pattern every.,,3,False
147,4,Among field well create notice.,5,5,False
147,5,Life wonder understand management bag.,80,3,False
147,5,Speech garden road head light what officer.,,2,True
147,5,Threat sport former professor money property structure.,,5,False
147,5,Mind everything order to difficult against low foreign.,65,4,False
147,6,Toward unit recently media include hundred note.,,3,False
147,6,Ball class loss up at.,,4,True
147,6,Unit arm image it increase within.,,5,False
147,6,Visit brother dog these man when.,28,2,False
147,7,Manage begin wide space possible yeah.,,5,False
147,7,Likely allow fact.,,3,False
147,7,Quickly truth record program beautiful close.,96,1,False
147,7,Form although old write pass.,,5,True
147,8,Expect assume paper employee poor record benefit paper.,,4,False
147,8,Allow system professor reason special.,,4,False
147,8,Weight fill president spring individual us.,,3,True
147,8,Program decision leave reflect already.,,1,False
147,9,Reach often responsibility itself but popular.,,1,True
147,9,Role few remember time prevent hair hospital.,100,3,False
147,9,At all table edge cost marriage.,15,1,False
147,9,Situation television last staff seat religious.,69,2,False
147,10,This drive page.,,2,False
147,10,Trade result individual side place.,,1,False
147,10,Song health able lot station may.,,3,True
147,10,Challenge quite tax season event.,,5,False
147,11,And forward imagine phone social listen there.,29,2,False
147,11,Trial participant discuss firm opportunity last feel.,66,5,True
147,11,Stage protect often.,,3,False
147,12,Vote administration than run short small shoulder.,56,4,False
147,12,Market oil move.,,2,False
147,12,Explain break dog writer night forget nation.,,1,False
147,12,Add involve forget early look.,,3,True
147,13,Role guess share eye young.,,3,False
147,13,Police baby choose building view well at.,17,2,False
147,13,Whole box later building she.,,4,False
147,13,Let business property everything bar smile good.,,1,True
147,13,Southern nation economy adult trial source.,60,1,False
156,1,Goal future home series billion mention speech defense.,86,5,True
156,1,Perform low only recently wish.,88,5,False
156,1,Strong value sit newspaper leader.,23,2,False
156,2,Wide television be.,,5,True
156,2,Organization no bring career.,,1,False
156,2,Network necessary seven build specific skill point.,21,3,False
156,3,Yourself exactly sure wonder window hair.,,4,True
156,3,Final feel age wonder foreign Republican thank.,,2,False
156,3,Owner surface guy believe enough free thousand.,39,4,False
156,4,Speech near officer real.,,3,False
156,4,Trade price beyond idea us.,18,4,True
156,4,Try information price especially appear.,,5,False
156,4,Behind war about through.,,5,False
156,5,Bank collection possible notice term.,36,4,True
156,5,Speech like rock call scene state radio draw.,,4,False
156,5,Accept mission event some simply could.,,2,False
156,5,Draw involve party home stay fall carry.,,4,False
156,5,In official especially pattern threat religious effort painting.,89,5,False
156,6,Build provide car American your seat rule range.,,5,True
156,6,Whole everybody both able.,89,2,False
156,6,Response stop add blood deal.,,5,False
156,7,Kitchen cut play deal good.,,4,False
156,7,Majority we join edge item.,32,2,False
156,7,Article threat arrive learn.,,1,True
156,8,Girl popular last read every local hospital.,50,1,False
156,8,Lose just card sit.,,1,False
156,8,His worry necessary politics certain environment he.,,4,False
156,8,Ready even probably son second.,,1,True
156,9,Task off under two physical within about.,,2,False
156,9,Force ready network.,77,1,True
156,9,Game loss cost run result interesting receive.,,1,False
156,10,Animal from likely drop four dinner.,56,3,False
156,10,Administration baby north case improve analysis level.,91,1,False
156,10,You authority race wish kid career scene.,,1,True
156,10,He already activity onto build.,,3,False
156,10,Poor threat throw behavior type.,76,1,False
156,11,Somebody thought beyond mean director.,25,1,False
156,11,Everyone interview give ground laugh receive agree.,,1,True
156,11,Wonder occur project court.,,2,False
164,1,Care brother treatment daughter phone they federal rather.,53,5,False
164,1,Reach street city her.,,3,True
164,1,Hear mouth range throw.,69,4,False
164,1,Be church available indeed.,29,2,False
164,1,Director spend entire minute never quality.,,3,False
164,2,Paper unit sometimes structure cultural.,58,2,False
164,2,Heart movement until themselves break.,,5,True
164,2,Too discover record wear.,8,2,False
164,3,Sometimes drive anything teach myself.,32,1,True
164,3,Drop need fund Mr.,,2,False
164,3,End nature stock analysis make.,81,3,False
164,3,Cause so recognize become challenge.,42,1,False
164,4,Television rich base.,29,1,False
164,4,Serious space one bar.,,2,True
164,4,Lose south keep thus positive.,79,1,False
164,4,Skin security painting rest.,47,4,False
164,4,Fine public some mean face factor.,19,4,False
164,5,Station eye perform amount.,35,3,False
164,5,Light medical level analysis any product.,,3,False
164,5,Help PM become rich every.,93,3,True
164,5,If none dog chance.,26,5,False
164,6,Person apply debate.,,2,False
164,6,Own pass least great your sign.,8,4,False
164,6,Continue ask environmental another business hot strong.,6,2,False
164,6,Three trip school energy.,11,2,True
164,6,While popular natural list they.,64,1,False
164,7,Question rise miss population project film father again.,31,4,False
164,7,Series candidate reveal suddenly issue bit.,38,3,False
164,7,Bank them state factor word.,34,4,True
164,8,Family where treatment age.,,4,False
164,8,Like film society tell.,,2,True
164,8,Office spring measure truth sign room happy.,97,4,False
164,8,Recently million store every rise care particular.,97,3,False
164,9,Trouble decade share great stock.,,3,False
164,9,Onto third business rock southern.,,1,False
164,9,Bed represent lawyer letter.,91,4,True
164,9,Name paper cup order.,24,1,False
164,10,Believe whether teach single result modern.,,3,False
164,10,Action continue star.,,3,False
164,10,Only free increase.,,1,False
164,10,Campaign others under each help line reflect.,,5,True
164,11,Society care around find audience but moment sign.,,3,False
164,11,Board factor discuss morning gas.,,4,False
164,11,Only series imagine.,61,1,True
164,11,Spring citizen democratic own.,89,2,False
164,12,Candidate movie wait amount happen.,1,1,False
164,12,Sing front manage.,,4,True
164,12,Investment whom season mind benefit second.,54,2,False
164,12,Sister adult among cover wrong minute.,,3,False
166,1,Beyond compare despite today green.,81,5,True
166,1,Meeting contain occur magazine suggest interesting.,34,2,False
166,1,Popular central decision modern enough see American.,,1,False
166,1,Fight never soldier world sister.,,1,False
166,1,Fear local project nearly throw carry.,99,4,False
166,2,Paper answer happy.,,2,True
166,2,Oil ask eye off various research laugh.,62,2,False
166,2,Old close series relationship perhaps.,,5,False
166,3,Movement hand himself weight.,33,4,False
166,3,Chair north family sign thought.,81,2,True
166,3,Peace window create compare couple continue sister.,,1,False
166,3,Family center wide identify nice.,35,1,False
166,3,Imagine record wrong list.,74,2,False
166,4,Prove own gun during wear catch.,,1,True
166,4,Serious structure wonder stock today whether thought.,27,5,False
166,4,Word total not its.,,5,False
166,5,Produce behavior nearly of general piece.,,3,False
166,5,Address loss international public rate.,,2,False
166,5,Short southern finish front.,,4,False
166,5,Edge court environment must.,,3,True
166,6,According system its.,77,1,False
166,6,Traditional home your bring woman hit.,47,4,True
166,6,Avoid property sport friend wide.,,2,False
166,6,Answer at month.,,1,False
166,6,Possible bag picture available scene approach imagine concern.,94,3,False
166,7,Those rise several in candidate case affect.,,4,True
166,7,Second man personal listen.,93,4,False
166,7,Type word not usually at sing.,91,2,False
166,7,However model move.,63,1,False
166,8,Resource commercial general which board name.,,5,True
166,8,Less daughter you traditional.,27,2,False
166,8,Bad clear here despite.,55,1,False
166,8,Draw message prove car many of.,,4,False
166,9,Cell how member.,85,2,False
166,9,Issue expect apply later.,88,3,False
166,9,Story huge move until toward.,82,3,False
166,9,Project color cost add claim begin man.,,5,True
166,9,Movie consumer pick end us information occur future.,28,3,False
166,10,Ahead director seek where age size.,,5,True
166,10,Name PM idea until budget long article team.,73,3,False
166,10,Door if sister chair society half able.,,4,False
166,11,View rather if change authority prepare view.,49,4,False
166,11,Word catch nothing why.,,2,False
166,11,Western newspaper move radio dog perhaps my situation.,50,1,False
166,11,Well camera truth.,,2,False
166,11,Sometimes week reality discover success item.,63,4,True
166,12,Leader special tree receive kid ground condition.,,3,True
166,12,I hospital cultural shoulder prevent ago past.,,5,False
166,12,Herself back pass rest professional.,63,3,False
166,12,Manager mother his change perhaps trip media.,42,2,False
166,12,Student can might cultural.,89,1,False
166,13,Happy receive third professional test.,70,4,False
166,13,Herself people rate notice air by.,,4,True
166,13,Tonight compare second system environmental.,,4,False
166,13,Various hotel order cultural.,,3,False
166,14,Term create whether type various.,90,3,False
166,14,If end range trouble cost seven.,73,2,True
166,14,Concern war home why commercial watch develop.,,3,False
167,1,Hand weight majority enjoy hit sure.,,5,True
167,1,Administration fly maintain quite station difference.,48,4,False
167,1,Fill perhaps there throw station.,12,3,False
167,1,Unit both loss machine.,6,1,False
167,1,Current strategy four.,,2,False
167,2,Describe community people Democrat.,,3,False
167,2,Live suffer modern draw international surface.,,1,True
167,2,Administration per well.,,3,False
167,3,Him more young receive model no painting.,15,4,True
167,3,Serious according guess dog.,75,5,False
167,3,Money task give clear carry former speak.,,1,False
167,4,Front scientist protect must fund open who.,,5,False
167,4,Skin success explain maybe fight pass.,41,1,False
167,4,Whose speech into forward.,,1,False
167,4,Usually according always choose.,,1,True
167,4,Head director positive discussion when.,84,1,False
167,5,Future almost daughter plan new consider.,5,2,False
167,5,Exist expect mind pay.,11,5,False
167,5,Only yet make matter sure wrong.,10,1,True
167,5,Institution together small rest fall.,,5,False
167,6,Remain space black card.,66,3,False
167,6,Call paper these population.,73,4,True
167,6,Figure begin help account bed each energy civil.,,5,False
167,7,Enter career choice number allow central bed staff.,18,3,True
167,7,Him price drop bill apply than responsibility.,77,5,False
167,7,Population compare lead Democrat.,,3,False
167,8,Degree in commercial beyond interview force take away.,,4,False
167,8,Door nearly door coach president.,,4,False
167,8,Smile talk music floor vote.,,4,True
167,8,Individual major popular say think.,9,3,False
167,8,Claim hotel east affect forward.,,5,False
167,9,Cost company attorney.,,1,False
167,9,Former project other service.,34,1,False
167,9,Responsibility Democrat remain stage catch week watch.,,1,False
167,9,Drug chance speech sell better soldier however.,46,3,True
167,10,Million media notice glass decision science relate.,,2,True
167,10,Project group door movement under sometimes.,100,1,False
167,10,Dark everything few.,,5,False
167,11,Age chance officer single.,,5,False
167,11,See professional begin current everyone test memory arm.,6,2,False
167,11,Treatment office yeah bar rather.,,2,False
167,11,Behavior whose certain any character charge debate.,,4,False
167,11,Term under whether improve.,,1,True
167,12,Among pay all carry.,92,3,False
167,12,Product understand service usually cup performance.,,4,False
167,12,Already occur issue front movie.,,3,True
167,12,Lay theory specific since.,,3,False
167,12,Change size computer bed.,39,1,False
167,13,Word change expert can style option.,9,2,False
167,13,Yes glass herself social special save.,73,1,False
167,13,South Democrat project.,,5,True
167,14,Deep agree walk thousand.,,4,False
167,14,Agent wrong us institution.,,1,True
167,14,Pass look newspaper everyone coach people.,91,4,False
167,14,Responsibility who issue technology against direction.,94,5,False
167,14,Team most war blood.,,2,False
167,15,Guy toward what north shoulder later institution skin.,,1,False
167,15,Assume kind quality your head interesting common early.,,4,False
167,15,Success carry special left able analysis arrive.,,1,True
167,16,Last everybody wall major.,,3,False
167,16,Might name might speech prove language.,,5,False
167,16,Or than board garden.,39,5,True
167,16,Less crime amount laugh.,,5,False
167,17,Song company region agent north.,,3,False
167,17,Give teacher put land.,,3,False
167,17,Other many daughter night free yourself.,,3,False
167,17,Parent church special voice two.,55,4,True
167,17,Threat join chance good ask drive.,67,5,False
167,18,Phone agent attack bring land magazine.,98,3,True
167,18,Buy edge after pretty one name walk.,,4,False
167,18,Star none record religious.,,3,False
167,18,Off fire property remain first.,68,3,False
179,1,Situation more manage difference assume leg.,,4,True
179,1,Rate sport him news fall improve.,,2,False
179,1,Western chance machine weight machine number.,36,1,False
179,2,Yet land address represent.,20,2,False
179,2,Close issue write produce ago.,,1,False
179,2,Anything leave tough such black improve subject.,,5,True
179,2,Piece produce else.,41,4,False
179,2,Want son dog range seem number other.,14,1,False
179,3,Up thus fight catch serious later they.,6,3,True
179,3,Miss scene do work win health.,55,4,False
179,3,Much article agent.,,4,False
179,3,Another listen list behavior successful success herself.,,2,False
179,3,Federal idea share property.,31,3,False
179,4,Risk hot wall prove summer professor anyone.,60,1,False
179,4,Open director brother.,75,2,False
179,4,So interest great analysis.,16,4,False
179,4,Politics computer exist throw real next four.,,2,True
179,4,Government single least something source prove.,,1,False
179,5,Enter memory charge.,28,3,False
179,5,Activity night bill central wonder green.,,1,False
179,5,Stay image my by maybe.,38,1,True
179,5,Whether single entire hundred recent direction American.,,3,False
179,6,Your both to yes eat.,5,1,True
179,6,Policy clear star daughter imagine discussion little imagine.,,2,False
179,6,Game wonder analysis.,,3,False
179,6,Fly memory hundred sister red.,,2,False
179,7,Recent event skin indicate suddenly.,12,1,False
179,7,Sense machine treatment section significant camera else.,,3,False
179,7,Of national among must traditional able husband.,,2,True
179,7,Certainly even kitchen including summer bit difficult.,74,4,False
179,8,Recent near find medical note read.,24,4,True
179,8,Force open without sound.,69,5,False
179,8,Book party reveal.,,4,False
179,9,Listen institution rock dinner.,,5,False
179,9,Mrs side space debate fire improve remember call.,,4,True
179,9,Often foreign outside her account agent prevent.,,1,False
179,10,Improve force job class star use fire.,76,3,True
179,10,Majority kitchen Mr ahead late well.,,1,False
179,10,Who court media part interesting drug.,94,4,False
179,10,Election identify high capital plant side.,21,4,False
179,10,Red approach how free part director.,,4,False
179,11,White sometimes into thing.,75,1,False
179,11,Financial care firm attack agree bad exactly.,,3,False
179,11,Begin treat system spring.,,3,True
213,1,Loss manager next cultural bad official.,,1,False
213,1,Know size add soon land yes.,,2,True
213,1,Society table police interesting challenge book.,82,2,False
213,1,Apply more director service.,,3,False
213,1,Garden involve recent role term mother leave.,,1,False
213,2,Gun sell wear another put.,80,1,False
213,2,Effort present expect level science thank.,93,3,False
213,2,Born war child require.,,1,True
213,2,Experience Mr she room man vote safe.,,3,False
213,3,Majority air test never.,74,4,False
213,3,Rate standard today government actually myself.,,2,False
213,3,Parent hit east among.,,2,True
213,3,Resource create hit yes without foot.,63,2,False
213,4,Key measure method attack interesting writer.,82,3,False
213,4,Effect true western energy into.,,2,False
213,4,Decision movement gun at owner design relate.,,5,False
213,4,Blue politics prepare travel rise fly poor.,18,1,True
213,4,Chair lead maybe produce.,58,4,False
213,5,Reflect study bit style race effect discussion special.,,4,True
213,5,Music white report company car data news difficult.,1,1,False
213,5,Clear dog nothing billion wish world process.,98,1,False
213,5,Air turn church thing decide common term.,80,5,False
213,5,Republican news deep.,13,5,False
213,6,Leave here and ahead subject others.,39,3,False
213,6,Try quality resource business natural stand country.,31,1,False
213,6,Someone eye true dog need up.,2,1,False
213,6,Political be member another lot.,,1,True
213,7,Lead seem trouble.,,4,True
213,7,Have spring want.,,3,False
213,7,Here street former total animal item to hope.,,1,False
220,1,Would ability language food human.,,1,False
220,1,Especially peace among past happen no crime information.,46,1,True
220,1,Family cell move nothing perform.,22,4,False
220,2,More radio political sit authority air sort.,,5,False
220,2,Congress law back lawyer help really.,,1,False
220,2,Call wall car thing shake.,,3,True
220,3,Happy cause authority leave friend fire whatever.,40,2,False
220,3,Main fact bed security major his continue.,,4,False
220,3,Benefit pull strong necessary.,73,4,True
220,4,Last specific think tree.,,3,True
220,4,Return hand trouble black network.,,4,False
220,4,Health street animal itself media.,,5,False
220,5,Visit anyone place.,,5,False
220,5,Understand together improve week least.,49,1,False
220,5,Still everything ten yeah me.,89,1,False
220,5,Particularly thought those evidence around magazine present.,,1,True
220,6,Skill wall political send.,7,3,False
220,6,Before off window particular.,37,4,True
220,6,Though body staff beat control ball they.,,2,False
220,6,Dinner stage soldier apply notice current.,7,2,False
220,7,Theory off fine represent.,,1,False
220,7,Dinner position something miss including.,61,5,False
220,7,Of tend include capital either what she.,18,3,False
220,7,Student because person return understand within.,31,1,True
220,7,Source specific bar top rise.,,2,False
220,8,Attention throughout degree think.,,4,False
220,8,Just model thing drop the character.,,4,False
220,8,Art television without itself seat language open.,,1,False
220,8,Wrong you through us me.,82,1,False
220,8,Field computer son him wonder traditional why.,1,4,True
226,1,Friend bag which city north role act alone.,,2,False
226,1,Total foot amount pick finally agree.,34,1,False
226,1,Big do week you leg medical hold over.,95,2,True
226,1,Central south region.,28,4,False
226,1,Radio approach reflect collection agency response.,88,4,False
226,2,Size tonight ground while action teacher.,47,4,False
226,2,Bad book Democrat.,,1,True
226,2,Trade get something rather.,46,5,False
226,2,Employee plant pay allow executive what manage share.,30,3,False
226,3,Project stop answer work explain.,,2,True
226,3,Democratic fight return data today budget everyone call.,30,3,False
226,3,There into media.,72,4,False
226,3,Ask myself phone travel western.,40,1,False
226,3,They pattern company nation get seek.,45,3,False
226,4,Investment trial station arrive national response local.,89,1,False
226,4,Sing time you.,,5,False
226,4,Environment quite respond what production now eye.,3,5,True
226,4,Recognize worry technology after hotel learn serve suffer.,,5,False
226,4,Foreign design plan stock authority defense.,,2,False
226,5,Despite determine former believe.,27,2,True
226,5,Say allow always.,,4,False
226,5,Stuff another each PM where new.,,3,False
226,5,Member drug charge total because hotel.,,1,False
226,5,Some pattern according to free.,26,5,False
226,6,Cold another well drive provide.,98,3,True
226,6,Something those center have.,,1,False
226,6,Cost eight work three reason call traditional.,,2,False
226,7,Between somebody rise color.,,1,False
226,7,Trade modern buy of major above.,90,4,False
226,7,Not its significant me deep he.,,3,True
226,7,Nearly room thing notice less win cold.,15,5,False
226,7,High might remember seek.,46,3,False
226,8,Tonight sound everybody which financial apply benefit.,,3,False
226,8,Catch reveal live ability concern degree far.,,1,True
226,8,Personal stuff director production.,,3,False
226,8,Arrive become everything would.,94,2,False
226,8,Room under team security at.,13,3,False
226,9,Despite capital response marriage.,,4,True
226,9,Receive billion health create.,,4,False
226,9,Me individual though imagine.,,1,False
226,10,Difference should raise prepare wrong bed radio.,51,3,False
226,10,Like her part team.,,3,False
226,10,Old what design want.,89,4,False
226,10,Enough success score.,,4,True
226,11,Image those why individual wide hotel.,,5,False
226,11,Himself red upon.,,1,True
226,11,Now sound gun art.,,4,False
226,11,Expert several effort prevent kid issue woman range.,27,1,False
226,11,Show response nothing gas few page cold couple.,,3,False
226,12,Wait never fly pull big method.,38,4,False
226,12,Player western move manage worry wear pay.,85,3,False
226,12,Us challenge drive find star be over radio.,11,4,False
226,12,Determine nice source thought result.,,2,True
226,13,Speak drive bad.,89,4,False
226,13,Summer more if hear responsibility have.,,1,False
226,13,Sing hospital ready push material somebody husband.,92,5,False
226,13,Return wall trouble friend current.,,3,True
229,1,Decade exactly bad gas have movement.,86,4,False
229,1,Of understand view.,57,2,False
229,1,Meet spring continue human central.,4,2,True
229,1,Office however such consider table dream.,,5,False
229,2,Practice on easy today wait.,86,5,False
229,2,Feeling first final responsibility.,,3,True
229,2,Laugh include price leader.,,3,False
229,2,Which quite adult move.,,4,False
229,3,Begin usually exactly choose guy wide evidence.,,1,False
229,3,Item town something employee.,,4,False
229,3,Any market poor clear possible staff agent.,70,5,False
229,3,In game score challenge toward leg car.,,4,True
229,4,Usually as until happen power probably.,11,1,False
229,4,Already TV low.,78,4,False
229,4,Role assume control leg.,,5,False
229,4,Build ago feeling whose realize.,,5,False
229,4,Shoulder design huge south.,,4,True
229,5,Simply compare result over cost risk task.,25,4,False
229,5,Gas rest whom good throw.,,4,False
229,5,Travel chance character really spring.,,1,False
229,5,Record couple mission part ability.,64,3,True
229,5,Table reality stock site develop government.,,3,False
229,6,Animal could parent small building media citizen.,19,3,True
229,6,High better man choose between.,,2,False
229,6,Develop while question place consumer bed teacher.,71,4,False
229,7,Try meet play senior.,81,4,False
229,7,Effect child nice prove scientist.,,3,False
229,7,Response professor rate team.,,2,False
229,7,Safe government arm consumer.,64,1,True
229,7,Year front he any hope strategy player reveal.,,5,False
229,8,Director next figure business no chance.,55,1,True
229,8,Detail history husband arm.,79,5,False
229,8,Professional director stock list half.,,1,False
229,9,View process happy into.,38,2,True
229,9,Author not truth garden into.,,3,False
229,9,Now provide office.,,1,False
229,10,With project author term many carry.,,5,True
229,10,Change available cut during.,18,3,False
229,10,Town per leg note law already.,11,1,False
229,11,Receive white movement little name good.,,1,True
229,11,Wait rate too recognize final.,62,1,False
229,11,Owner picture him final.,,4,False
229,11,West public size.,,2,False
229,12,Policy son exist according anyone cell why.,15,3,False
229,12,How finally program itself husband occur or.,,5,False
229,12,Those become staff history girl.,66,3,True
229,13,Also school window north pattern.,27,3,True
229,13,Kid body play practice case receive development.,3,3,False
229,13,Anyone he letter account happy.,10,2,False
229,13,Claim claim including deal.,,4,False
229,13,Doctor bad finish face modern.,44,5,False
238,1,Size social figure building notice.,32,2,False
238,1,Operation send drug relationship tax every late difficult.,,4,False
238,1,Theory enough moment put price.,,2,False
238,1,Commercial different order matter campaign reveal rich.,,4,True
238,2,Whose young set knowledge.,,5,False
238,2,Reality boy long analysis.,,4,False
238,2,Feeling surface girl expert report include.,,3,True
238,2,Line one teacher call each amount.,,2,False
238,2,Note summer high ask rich.,,5,False
238,3,Four hour green religious hot former front.,,4,False
238,3,White new involve south two participant want.,23,3,False
238,3,Relationship need country receive however.,45,2,False
238,3,Be development my he those.,84,3,False
238,3,Three couple imagine usually scientist.,99,3,True
238,4,Feeling professional research.,59,5,False
238,4,Mean really song how start story.,71,1,False
238,4,Need top wear.,,5,True
238,4,Represent today notice exactly send where.,13,5,False
238,4,Though president position win.,73,4,False
238,5,Class next want instead.,63,4,True
238,5,Congress seem role senior serve current.,,4,False
238,5,Minute check soldier act.,57,2,False
238,6,Culture impact kid safe but.,,1,True
238,6,Situation half staff join interview simply.,,3,False
238,6,Particular seem firm together arm everyone have argue.,,1,False
238,6,Travel same news election.,,1,False
238,6,Color ahead establish truth society another music.,,1,False
